{
  "platforms": [
    [
      0,
      0.25,
      0,
      2,
      0.5,
      2
    ],
    [
      -1.5,
      0.25,
      -2.0,
      1.0,
      0.5,
      1.0
    ],
    [
      1.0,
      -0.25,
      -2.0,
      1.0,
      0.5,
      1.0
    ],
    [
      2.0,
      0.25,
      0.0,
      1.0,
      0.5,
      1.0
    ]
  ],
  "platform_colors": [
    [
      0.19607843137254902,
      0.7843137254901961,
      0.19607843137254902
    ],
    [
      0.19607843137254902,
      0.19607843137254902,
      0.7843137254901961
    ],
    [
      0.09803921568627451,
      0.39215686274509803,
      0.09803921568627451
    ],
    [
      0.7843137254901961,
      0.19607843137254902,
      0.19607843137254902
    ]
  ],
  "coins": [
    [
      0.0,
      0.5,
      -2.0
    ],
    [
      1.5,
      0.5,
      -1.0
    ],
    [
      -1.0,
      0.5,
      -1.5
    ]
  ]
}